Organism,Relative_Abundance
Escherichia coli,48.81595346904861
Escherichia albertii,18.280016618196925
Shigella boydii,16.5351059410054
Shigella sonnei,16.368923971749066
