Organism,Read_Count,Relative_Abundance
Escherichia coli,1175.0,48.81595346904861
Escherichia albertii,440.0,18.280016618196925
Shigella boydii,398.0,16.5351059410054
Shigella sonnei,394.0,16.368923971749066
